region,avg_volatility_index
South,1.21303000182986
Northwest,1.17356824456139
Center,0.916224660131992
Middle Volga,0.81051564863287
Urals,0.695033380114769
Siberia,0.657796386751936
