region,Winter,Summer
Center,1.8102667697444,5.47570505260224
Northwest,1.90167490761925,6.87966888766796
Siberia,1.72440848022432,1.89046798103852
