region,avg_volatility_index
Northwest,1.95629206488127
Center,1.79447426893598
Siberia,1.56257519078597
